insert into participant(id, creationDate, email, isEnabledToCreateTournaments, name, password) values (1, SYSDATE(), "email1@gmail.com", true, "Jugador 1", MD5("test1"));
insert into participant(id, creationDate, email, isEnabledToCreateTournaments, name, password) values (2, SYSDATE(), "email2@gmail.com", true, "Jugador 2", MD5("test1"));
insert into participant(id, creationDate, email, isEnabledToCreateTournaments, name, password) values (3, SYSDATE(), "email3@gmail.com", true, "Jugador 3", MD5("test1"));
insert into participant(id, creationDate, email, isEnabledToCreateTournaments, name, password) values (4, SYSDATE(), "email4@gmail.com", true, "Jugador 4", MD5("test1"));
insert into participant(id, creationDate, email, isEnabledToCreateTournaments, name, password) values (5, SYSDATE(), "email5@gmail.com", true, "Jugador 5", MD5("test1"));
insert into participant(id, creationDate, email, isEnabledToCreateTournaments, name, password) values (6, SYSDATE(), "email6@gmail.com", true, "Jugador 6", MD5("test1"));
insert into participant(id, creationDate, email, isEnabledToCreateTournaments, name, password) values (7, SYSDATE(), "email7@gmail.com", true, "Jugador 7", MD5("test1"));
insert into participant(id, creationDate, email, isEnabledToCreateTournaments, name, password) values (8, SYSDATE(), "email8@gmail.com", true, "Jugador 8", MD5("test1"));
insert into participant(id, creationDate, email, isEnabledToCreateTournaments, name, password) values (9, SYSDATE(), "email9@gmail.com", true, "Jugador 9", MD5("test1"));
insert into participant(id, creationDate, email, isEnabledToCreateTournaments, name, password) values (10, SYSDATE(), "email10@gmail.com", true, "Jugador 10", MD5("test1"));
insert into participant(id, creationDate, email, isEnabledToCreateTournaments, name, password) values (11, SYSDATE(), "email11@gmail.com", true, "Jugador 11", MD5("test1"));
insert into participant(id, creationDate, email, isEnabledToCreateTournaments, name, password) values (12, SYSDATE(), "email12@gmail.com", true, "Jugador 12", MD5("test1"));
insert into participant(id, creationDate, email, isEnabledToCreateTournaments, name, password) values (13, SYSDATE(), "email13@gmail.com", true, "Jugador 13", MD5("test1"));
insert into participant(id, creationDate, email, isEnabledToCreateTournaments, name, password) values (14, SYSDATE(), "email14@gmail.com", true, "Jugador 14", MD5("test1"));
insert into participant(id, creationDate, email, isEnabledToCreateTournaments, name, password) values (15, SYSDATE(), "email15@gmail.com", true, "Jugador 15", MD5("test1"));
insert into participant(id, creationDate, email, isEnabledToCreateTournaments, name, password) values (16, SYSDATE(), "email16@gmail.com", true, "Jugador 16", MD5("test1"));
insert into participant(id, creationDate, email, isEnabledToCreateTournaments, name, password) values (17, SYSDATE(), "email17@gmail.com", true, "Jugador 17", MD5("test1"));
insert into participant(id, creationDate, email, isEnabledToCreateTournaments, name, password) values (18, SYSDATE(), "email18@gmail.com", true, "Jugador 18", MD5("test1"));
insert into participant(id, creationDate, email, isEnabledToCreateTournaments, name, password) values (19, SYSDATE(), "email19@gmail.com", true, "Jugador 19", MD5("test1"));

insert into tournament(id, maxParticipants, name, roundsNumber, status, tournamentDate, tournamentType, hasQuarters, hasSemiFinal, hasFinal, finalParticipantsPerGame, quartersParticipantsPerGame, semiFinalParticipantsPerGame, creatorId) values (1, 15, "Torneo de prueba", 3, 0, SYSDATE(), "CARCASSONNE", false, false, false, 0, 0, 0, 1);
insert into tournament(id, maxParticipants, name, roundsNumber, status, tournamentDate, tournamentType, hasQuarters, hasSemiFinal, hasFinal, finalParticipantsPerGame, quartersParticipantsPerGame, semiFinalParticipantsPerGame, creatorId) values (2, 15, "Torneo de prueba", 3, 0, SYSDATE(), "CATAN", false, false, false, 0, 0, 0, 1);
insert into tournament(id, maxParticipants, name, roundsNumber, status, tournamentDate, tournamentType, hasQuarters, hasSemiFinal, hasFinal, finalParticipantsPerGame, quartersParticipantsPerGame, semiFinalParticipantsPerGame, creatorId) values (3, 15, "Torneo ya iniciado", 3, 10, SYSDATE(), "CATAN", false, false, false, 0, 0, 0, 1);

insert into tournamentparticipant(participantid, tournamentid, confirmed, disqualified) values (1, 1, false, false);
insert into tournamentparticipant(participantid, tournamentid, confirmed, disqualified) values (2, 1, false, false);
insert into tournamentparticipant(participantid, tournamentid, confirmed, disqualified) values (3, 1, false, false);
insert into tournamentparticipant(participantid, tournamentid, confirmed, disqualified) values (4, 1, false, false);
insert into tournamentparticipant(participantid, tournamentid, confirmed, disqualified) values (5, 1, false, false);
insert into tournamentparticipant(participantid, tournamentid, confirmed, disqualified) values (6, 1, false, false);
insert into tournamentparticipant(participantid, tournamentid, confirmed, disqualified) values (7, 1, false, false);
insert into tournamentparticipant(participantid, tournamentid, confirmed, disqualified) values (8, 1, false, false);
insert into tournamentparticipant(participantid, tournamentid, confirmed, disqualified) values (9, 1, false, false);
insert into tournamentparticipant(participantid, tournamentid, confirmed, disqualified) values (10, 1, false, false);
insert into tournamentparticipant(participantid, tournamentid, confirmed, disqualified) values (11, 1, false, false);
insert into tournamentparticipant(participantid, tournamentid, confirmed, disqualified) values (12, 1, false, false);
insert into tournamentparticipant(participantid, tournamentid, confirmed, disqualified) values (13, 1, false, false);
insert into tournamentparticipant(participantid, tournamentid, confirmed, disqualified) values (14, 1, false, false);

insert into tournamentparticipant(participantid, tournamentid, confirmed, disqualified) values (1, 2, false, false);
insert into tournamentparticipant(participantid, tournamentid, confirmed, disqualified) values (2, 2, false, false);
insert into tournamentparticipant(participantid, tournamentid, confirmed, disqualified) values (3, 2, false, false);
insert into tournamentparticipant(participantid, tournamentid, confirmed, disqualified) values (4, 2, false, false);
insert into tournamentparticipant(participantid, tournamentid, confirmed, disqualified) values (5, 2, false, false);
insert into tournamentparticipant(participantid, tournamentid, confirmed, disqualified) values (6, 2, false, false);
insert into tournamentparticipant(participantid, tournamentid, confirmed, disqualified) values (7, 2, false, false);
insert into tournamentparticipant(participantid, tournamentid, confirmed, disqualified) values (8, 2, false, false);
insert into tournamentparticipant(participantid, tournamentid, confirmed, disqualified) values (9, 2, false, false);
insert into tournamentparticipant(participantid, tournamentid, confirmed, disqualified) values (10, 2, false, false);
insert into tournamentparticipant(participantid, tournamentid, confirmed, disqualified) values (11, 2, false, false);
insert into tournamentparticipant(participantid, tournamentid, confirmed, disqualified) values (12, 2, false, false);
insert into tournamentparticipant(participantid, tournamentid, confirmed, disqualified) values (13, 2, false, false);
insert into tournamentparticipant(participantid, tournamentid, confirmed, disqualified) values (14, 2, false, false);

insert into tournamentparticipant(participantid, tournamentid, confirmed, disqualified) values (1, 3, false, false);
insert into tournamentparticipant(participantid, tournamentid, confirmed, disqualified) values (2, 3, false, false);
insert into tournamentparticipant(participantid, tournamentid, confirmed, disqualified) values (3, 3, false, false);
insert into tournamentparticipant(participantid, tournamentid, confirmed, disqualified) values (4, 3, false, false);
insert into tournamentparticipant(participantid, tournamentid, confirmed, disqualified) values (5, 3, false, false);
insert into tournamentparticipant(participantid, tournamentid, confirmed, disqualified) values (6, 3, false, false);
insert into tournamentparticipant(participantid, tournamentid, confirmed, disqualified) values (7, 3, false, false);
insert into tournamentparticipant(participantid, tournamentid, confirmed, disqualified) values (8, 3, false, false);
insert into tournamentparticipant(participantid, tournamentid, confirmed, disqualified) values (9, 3, false, false);
insert into tournamentparticipant(participantid, tournamentid, confirmed, disqualified) values (10, 3, false, false);
insert into tournamentparticipant(participantid, tournamentid, confirmed, disqualified) values (11, 3, false, false);
insert into tournamentparticipant(participantid, tournamentid, confirmed, disqualified) values (12, 3, false, false);
insert into tournamentparticipant(participantid, tournamentid, confirmed, disqualified) values (13, 3, false, false);
insert into tournamentparticipant(participantid, tournamentid, confirmed, disqualified) values (14, 3, false, false);
insert into tournamentparticipant(participantid, tournamentid, confirmed, disqualified) values (15, 3, false, false);
insert into tournamentparticipant(participantid, tournamentid, confirmed, disqualified) values (16, 3, false, false);

insert into round (id, finalized, name, roundNumber, tournamentId) values (1, false, "Ronda 1", 1, 3);
insert into game(id, finalized, gameNumber, roundId) values (1, false, 1, 1);
insert into game(id, finalized, gameNumber, roundId) values (2, false, 2, 1);
insert into game(id, finalized, gameNumber, roundId) values (3, false, 3, 1);
insert into game(id, finalized, gameNumber, roundId) values (4, false, 4, 1);
insert into gameparticipant(gameid, participantid) values (1, 1);
insert into gameparticipant(gameid, participantid) values (1, 2);
insert into gameparticipant(gameid, participantid) values (1, 3);
insert into gameparticipant(gameid, participantid) values (1, 4);
insert into gameparticipant(gameid, participantid) values (2, 5);
insert into gameparticipant(gameid, participantid) values (2, 6);
insert into gameparticipant(gameid, participantid) values (2, 7);
insert into gameparticipant(gameid, participantid) values (2, 8);
insert into gameparticipant(gameid, participantid) values (3, 9);
insert into gameparticipant(gameid, participantid) values (3, 10);
insert into gameparticipant(gameid, participantid) values (3, 11);
insert into gameparticipant(gameid, participantid) values (3, 12);
insert into gameparticipant(gameid, participantid) values (4, 13);
insert into gameparticipant(gameid, participantid) values (4, 14);
insert into gameparticipant(gameid, participantid) values (4, 15);
insert into gameparticipant(gameid, participantid) values (4, 16);

update hibernate_sequence set next_val=100;